"","lat","lon","NETWORKPROVIDER","Classification"
"138675",12.9603081,77.644831,"Airtel","good"
"111910",12.9685301,77.6825823,"Airtel","good"
"166155",12.9127745,77.5589106,"Airtel","good"
"179922",12.9887967,77.519942,"Airtel","good"
"183511",12.9064174,77.5855455,"Airtel","good"
"12588",12.9796756,77.7144349,"Airtel","good"
"142885",12.8796739,77.5957044,"Airtel","good"
"158026",12.9645234,77.6388042,"Airtel","good"
"172518",12.9796595,77.694468,"Airtel","good"
"159104",12.9323751,77.6133328,"Airtel","good"
"167249",12.9857677,77.748625,"Airtel","good"
"23076",12.9066034,77.631429,"Airtel","good"
"192557",13.002229,77.6595459,"Airtel","good"
"148169",12.9572773,77.7153342,"Airtel","good"
"62954",13.0210379,77.6773795,"Airtel","good"
"195547",13.0792877,77.5377066,"Airtel","good"
"162417",12.9529672,77.6400227,"Airtel","good"
"34701",12.9727973,77.6624152,"Airtel","poor"
"76790",13.0818984,77.5374002,"Airtel","good"
"173118",13.0467668,77.5669032,"Airtel","good"
"99789",12.9249587,77.6284743,"Airtel","good"
"105043",12.9802545,77.5708378,"Airtel","good"
"40735",12.9727973,77.6624152,"Airtel","satisfactory"
"137833",12.8571296,77.6633984,"Airtel","satisfactory"
"56304",12.8458633,77.6776256,"Airtel","good"
"195780",13.0792869,77.5377082,"Airtel","good"
"171558",13.0720238,77.5297774,"Airtel","good"
"222605",13.01553,77.6620823,"Airtel","good"
"194180",12.9618772,77.7419283,"Airtel","good"
"70198",12.9602722,77.6428849,"Airtel","poor"
"7799",12.845864,77.6776189,"Airtel","satisfactory"
"38185",12.872956,77.6505699,"Airtel","good"
"26784",12.9994068,77.7544566,"Airtel","good"
"99989",12.9566853,77.7052773,"Airtel","good"
"133779",12.9492794,77.6454295,"Airtel","good"
"93272",13.04999404,77.48682917,"Airtel","poor"
"181178",12.8697443,77.56203,"Airtel","good"
"171525",13.0752817,77.5300164,"Airtel","good"
"41166",12.9048711,77.6457598,"Airtel","good"
"211776",12.9376246,77.6933798,"Airtel","good"
"191671",13.0425986,77.5880426,"Airtel","good"
"112459",12.971737,77.6147788,"Airtel","good"
"161372",13.062979,77.544112,"Airtel","good"
"20395",12.9792941,77.6960205,"Airtel","good"
"35186",13.0302643890172,77.5885752154045,"Airtel","good"
"34866",12.985477,77.6792698,"Airtel","good"
"19324",12.8460841,77.6613415,"Airtel","good"
"29932",12.9812255,77.6387904,"Airtel","good"
"147376",12.97109,77.6345405,"Airtel","good"
"66816",12.960704,77.6461402,"Airtel","good"
"128968",12.9601931,77.6437686,"Airtel","good"
"71330",12.9203106,77.6671351,"Airtel","good"
"94864",13.0759028,77.7893245,"Airtel","good"
"112498",12.971823,77.6141613,"Airtel","good"
"163557",12.9733595,77.6469306,"Airtel","good"
"196166",13.0808381,77.5374002,"Airtel","good"
"167813",12.9575778,77.7153851,"Airtel","satisfactory"
"34642",12.9727973,77.6624152,"Airtel","poor"
"59269",12.8459294,77.6776256,"Airtel","poor"
"14190",12.9024373,77.5879108,"Airtel","poor"
"37135",12.979721,77.5751596,"Airtel","good"
"8288",12.8458748,77.6776367,"Airtel","poor"
"151769",12.9268897,77.5476907,"Airtel","good"
"46841",12.9801932,77.6975077,"Airtel","good"
"3176",12.8925343,77.5976253,"Airtel","good"
"213563",12.9430034,77.6511883,"Airtel","poor"
"143359",12.9702285,77.6424612,"Airtel","satisfactory"
"91827",13.0003574,77.5840324,"Airtel","good"
"45892",13.0200938,77.6839896,"Airtel","good"
"138787",12.9391547,77.6258662,"Airtel","good"
"178080",13.0191156,77.6187905,"Airtel","good"
"116735",12.9678601,77.645629,"Airtel","good"
"41654",12.9840111,77.6928338,"Airtel","good"
"30324",13.0052476,77.6845701,"Airtel","satisfactory"
"12043",12.9997298,77.6854889,"Airtel","good"
"115690",12.9997057,77.5794379,"Airtel","good"
"86859",13.0285681,77.5698676,"Airtel","satisfactory"
"222028",13.1076621,77.5753363,"Airtel","good"
"204697",13.0458044,77.5562243,"Airtel","good"
"181641",12.8992052,77.572624,"Airtel","good"
"92841",12.9225492,77.6497533,"Airtel","good"
"95228",13.0747345,77.7858297,"Airtel","good"
"188789",13.0537054,77.5754526,"Airtel","good"
"174780",12.9790847,77.6952268,"Airtel","good"
"79190",12.9814141,77.6933765,"Airtel","good"
"28941",12.9048711,77.6457598,"Airtel","good"
"127948",12.9559047,77.6489479,"Airtel","poor"
"209546",13.0449119,77.5376219,"Airtel","good"
"77228",13.0793171,77.5377802,"Airtel","good"
"167130",12.9911339,77.7511085,"Airtel","satisfactory"
"10969",12.95517845,77.6882574,"Airtel","satisfactory"
"141739",12.922067,77.6451058,"Airtel","good"
"57936",12.9807415,77.6967361,"Airtel","good"
"34474",12.9048584,77.6457263,"Airtel","good"
"181880",12.9174877,77.5735197,"Airtel","good"
"3339",12.8459854,77.6613527,"Airtel","good"
"58181",12.84604,77.6613415,"Airtel","good"
"177032",13.0171994,77.5969008,"Airtel","good"
"94753",12.9600157,77.6428289,"Airtel","poor"
"134300",12.8880367,77.6405632,"Airtel","satisfactory"
"154865",12.9517127,77.5905476,"Airtel","satisfactory"
"40214",12.9727952,77.6623705,"Airtel","poor"
"104641",12.9744937,77.5711476,"Airtel","good"
"107313",12.9575659,77.6381377,"Airtel","good"
"89792",12.922609,77.6496191,"Airtel","good"
"179558",13.0114664,77.5285499,"Airtel","good"
"212968",12.9539636,77.5910766,"Airtel","good"
"41714",12.9840111,77.6928338,"Airtel","good"
"18423",12.9837622,77.6931693,"Airtel","poor"
"178684",13.0307068,77.5368733,"Airtel","good"
"182931",12.9278268,77.5465541,"Airtel","good"
"139798",13.0167385,77.6688424,"Airtel","good"
"209356",12.9556273,77.6491493,"Airtel","poor"
"96689",13.0760279,77.7897169,"Airtel","good"
"87896",12.9166824,77.6096679,"Airtel","good"
"61885",12.9048595,77.6457486,"Airtel","good"
"56526",12.8506624,77.6641712,"Airtel","good"
"93229",13.0772201,77.7923273,"Airtel","good"
"134416",12.928432,77.6001019,"Airtel","good"
"78844",12.9254283,77.6361055,"Airtel","good"
"122077",12.9600157,77.6428289,"Airtel","good"
"14651",12.9771572,77.6956627,"Airtel","good"
"113271",12.9605588,77.642816,"Airtel","satisfactory"
"75255",13.0809079,77.5388335,"Airtel","good"
"36946",13.0073965,77.5810961,"Airtel","good"
"85564",12.9556494,77.6491493,"Airtel","poor"
"192384",12.9980426,77.6721172,"Airtel","good"
"121447",12.9751424,77.6467745,"Airtel","good"
"12605",12.9797166,77.7143678,"Airtel","good"
"210740",13.0734093,77.7835356,"Airtel","good"
"22190",13.0228603,77.5516777,"Airtel","good"
"85963",12.9557352,77.6491498,"Airtel","poor"
"218901",12.9759566,77.6042019,"Airtel","good"
"222142",12.925214,77.6374394,"Airtel","good"
"208486",12.9562083,77.7109992,"Airtel","good"
"173898",13.0149524,77.6621739,"Airtel","good"
"194926",12.9581688,77.667565,"Airtel","good"
"216127",13.0710996,77.7925896,"Airtel","good"
"183373",12.9064252,77.5826527,"Airtel","good"
"10054",12.9342942,77.6355237,"Airtel","good"
"152940",12.9363877,77.5637727,"Airtel","good"
"36113",12.9872715,77.6894001,"Airtel","good"
"169980",13.079282,77.537695,"Airtel","good"
"73369",12.9224745,77.6495743,"Airtel","poor"
"12922",12.9900582,77.7142672,"Airtel","good"
"36066",12.9840122,77.6928562,"Airtel","poor"
"111974",12.9689039,77.6845639,"Airtel","good"
"108407",12.9603015,77.641504,"Airtel","poor"
"64211",13.0327958,77.5693862,"Airtel","good"
"157751",12.9575804,77.6413967,"Airtel","good"
"4812",13.00742,77.6022248,"Jio","good"
"123698",12.8588198,77.6129818,"Jio","good"
"44772",13.0360021,77.5765491,"Jio","good"
"21258",13.1034752,77.5843331,"Jio","good"
"62467",12.9729052,77.5922085,"Jio","good"
"15765",13.0361471,77.5765726,"Jio","good"
"137418",12.9465937,77.7032551,"Jio","satisfactory"
"22249",13.007398,77.6022248,"Jio","good"
"14113",13.0366455,77.5763239,"Jio","good"
"35788",13.1036524,77.5842062,"Jio","satisfactory"
"142835",12.9316742,77.6317311,"Jio","satisfactory"
"131270",12.9290302,77.6846279,"Jio","good"
"128016",12.9600157,77.6428289,"Jio","good"
"143692",12.9169932,77.6332191,"Jio","good"
"50617",13.0074106,77.6022584,"Jio","good"
"24767",13.104143,77.5841167,"Jio","good"
"106996",12.9290706,77.6598773,"Jio","satisfactory"
"60203",12.9618918,77.5053493,"Jio","good"
"97826",12.9112104,77.5067641,"Jio","good"
"8711",12.8992263,77.5871945,"Jio","good"
"123113",12.97636,77.5757343,"Jio","satisfactory"
"86972",13.0362359,77.5768458,"Jio","good"
"95872",12.9217207,77.6652338,"Jio","good"
"71841",13.0365519,77.5764449,"Jio","good"
"94470",12.9676884,77.5929696,"Jio","good"
"59431",12.9612609,77.5338171,"Jio","good"
"127467",12.9017772,77.6089378,"Jio","good"
"28055",13.0360023,77.576774,"Jio","good"
"68950",12.985121,77.7662291,"Jio","good"
"145500",12.9272852,77.6615285,"Jio","good"
"15839",12.9248309,77.4979008,"Jio","good"
"92016",12.9851021,77.7662962,"Jio","good"
"144727",12.9273569,77.6609217,"Jio","good"
"150126",12.8791186,77.6469767,"Jio","satisfactory"
"150267",12.8641272,77.6620175,"Jio","poor"
"79639",13.0361153,77.5763711,"Jio","good"
"90356",13.0359643,77.5766733,"Jio","good"
"113278",12.924109,77.6094169,"Jio","good"
"35638",13.0359375,77.5766504,"Jio","good"
"13063",13.0360165,77.5765176,"Jio","good"
"78541",13.0073473,77.6020905,"Jio","good"
"59233",12.9128062,77.6111771,"Jio","good"
"139064",12.8905241,77.6562969,"Jio","good"
"77038",12.9914026,77.5708862,"Jio","good"
"59186",13.0073452,77.6020458,"Jio","good"
"18263",13.0358962,77.5764134,"Jio","good"
"41880",13.0359317,77.5766845,"Jio","good"
"5962",13.0070721,77.6023367,"Jio","good"
"105805",12.9599821,77.6428177,"Jio","satisfactory"
"6601",13.007028,77.6023367,"Jio","good"
"21625",13.0073759,77.6022248,"Jio","good"
"18554",13.0359506,77.5766173,"Jio","good"
"26047",13.0073664,77.6022584,"Jio","good"
"23997",13.1034752,77.5843331,"Jio","good"
"67477",13.0079879,77.5056663,"Jio","satisfactory"
"106083",12.9585125,77.6439364,"Jio","good"
"145101",12.9275969,77.6614198,"Jio","good"
"79317",13.0360165,77.5765176,"Jio","good"
"42889",13.00638,77.6012624,"Jio","good"
"119084",12.9580055,77.7087594,"Jio","good"
"71588",13.0361681,77.5765502,"Jio","good"
"79897",13.007252,77.6024039,"Jio","good"
"38782",13.1036093,77.5842286,"Jio","poor"
"123512",12.9562189,77.7105494,"Jio","good"
"45155",12.9125907,77.6107348,"Jio","good"
"45499",12.9841356,77.5415344,"Jio","good"
"141637",12.8799216,77.6532065,"Jio","good"
"11107",13.0072962,77.6024039,"Jio","good"
"94412",12.9599445,77.6431869,"Jio","good"
"47437",12.9843794,77.5415768,"Jio","good"
"90266",12.9812607,77.7275962,"Jio","satisfactory"
"29851",13.0072084,77.6022911,"Jio","good"
"138382",12.9896205,77.4488631,"Jio","satisfactory"
"13265",12.8991177,77.5872997,"Jio","good"
"18450",12.8969427,77.6340358,"Jio","good"
"92450",12.9650237,77.402395,"Jio","good"
"90837",13.0365151,77.5765526,"Jio","good"
"126861",12.9701563,77.6393474,"Jio","good"
"24143",13.0359285,77.5766173,"Jio","good"
"129217",12.8453843,77.6621857,"Jio","good"
"20403",12.89917694,77.58731538,"Jio","good"
"63601",13.0365519,77.5764449,"Jio","good"
"74624",13.0359516,77.5766397,"Jio","good"
"104556",12.9801445,77.5535119,"Jio","good"
"61071",13.0358991,77.5766957,"Jio","good"
"135218",12.9923308,77.5820058,"Jio","good"
"62128",12.9841732,77.54142,"Jio","good"
"59940",13.058538,77.6525886,"Jio","good"
"104623",12.9801521,77.5536687,"Jio","good"
"82758",13.0488933,77.5556849,"Jio","poor"
"147684",12.911675,77.5568754,"Jio","good"
"84689",13.0324452,77.5771994,"Jio","good"
"45231",13.0357138,77.5765166,"Jio","good"
"2539",12.9584605,77.6458493,"Jio","good"
"135063",12.8641272,77.6620175,"Jio","satisfactory"
"6739",13.007028,77.6023367,"Jio","good"
"83423",13.0365519,77.5764449,"Jio","good"
"149559",12.8622863,77.6606947,"Jio","good"
"72861",12.98128737,77.69381366,"Jio","satisfactory"
"22159",13.0070616,77.6023479,"Jio","good"
"142702",12.9271637,77.6609923,"Jio","good"
"35818",13.1037051,77.584175,"Jio","satisfactory"
"12320",13.0280596,77.5733962,"Jio","good"
"41285",13.007028,77.6023367,"Jio","good"
"124329",13.0359675,77.5668976,"Jio","good"
"75510",13.0488092,77.5555383,"Jio","poor"
"7531",13.0359592,77.5767964,"Jio","good"
"64179",12.9125992,77.6107104,"Jio","good"
"48095",13.0074001,77.6022696,"Jio","good"
"146845",12.9936388,77.7022766,"Jio","good"
"134824",12.9921509,77.582046,"Jio","good"
"21610",13.1036184,77.584224,"Jio","good"
"27355",13.0072962,77.6024039,"Jio","good"
"127737",12.9271238,77.660979,"Jio","good"
"86528",13.036139,77.5767541,"Jio","good"
"37913",13.1036093,77.5842286,"Jio","satisfactory"
"70795",13.0072979,77.602194,"Jio","good"
"10972",12.9132142,77.6131795,"Jio","good"
"59543",12.9619913,77.4832824,"Jio","poor"
"150164",12.8637715,77.6627137,"Jio","good"
"113725",12.922216,77.6680682,"Jio","good"
"86757",13.0046569,77.5493744,"Jio","poor"
"119428",13.0668379,77.5933506,"Jio","good"
"34279",13.0072741,77.6024039,"Jio","good"
"70570",13.0363885,77.5764748,"Jio","good"
"15455",13.0070501,77.6023367,"Jio","good"
"31968",12.7912084,77.6230042,"Jio","good"
"10975",13.007028,77.6023367,"Jio","good"
"20101",12.91657816,77.60914029,"Jio","satisfactory"
"115045",12.9271689,77.661006,"Jio","good"
"97278",12.9281143,77.6604691,"Jio","poor"
"86046",13.0072983,77.6024486,"Jio","good"
"1933",12.9662228,77.568431,"Jio","good"
"140418",13.032354,77.5086362,"Jio","good"
"37424",13.0360882,77.5766589,"Jio","good"
"148908",12.8641272,77.6620175,"Jio","satisfactory"
"70790",13.0358865,77.5766621,"Jio","good"
"60537",13.00334779,77.58481513,"Jio","good"
"5393",13.0070501,77.6023367,"Jio","good"
"138771",12.8878583,77.6571749,"Jio","good"
"41058",13.0362145,77.576595,"Jio","good"
"21063",13.0361692,77.5765726,"Jio","good"
"105168",12.9739551,77.6113242,"Jio","satisfactory"
"36503",13.1034523,77.5851974,"Jio","good"
"99416",12.9556776,77.580468,"Jio","good"
"146794",12.9799496,77.7090648,"Jio","good"
"97605",12.9915757,77.7289563,"Jio","good"
"94168",12.9932061,77.7169463,"Jio","satisfactory"
"7710",13.0070501,77.6023367,"Jio","good"
"140922",12.9745397,77.6107785,"Jio","good"
"15318",12.9458386,77.664891,"Idea","good"
"15448",12.8946846,77.6598475,"Idea","good"
"3719",12.9235924,77.6741434,"Idea","good"
"13585",12.8807424,77.6544961,"Idea","good"
"454",12.9543322,77.6524406,"Idea","good"
"9361",12.9435958,77.5771396,"Idea","good"
"15951",12.9890825,77.7334029,"Idea","good"
"6079",12.8873433,77.6570475,"Idea","good"
"7272",12.9016154,77.6756648,"Idea","good"
"1207",12.9952921,77.6968446,"Idea","good"
"6913",12.9720827,77.5374644,"Idea","good"
"13650",12.8813395,77.6543168,"Idea","good"
"8611",12.9658099,77.5864453,"Idea","good"
"10373",12.8867138,77.656229,"Idea","good"
"13993",12.8941019,77.6573703,"Idea","good"
"9252",12.9284553,77.6003959,"Idea","good"
"10257",13.1014969,77.593585,"Idea","satisfactory"
"6595",13.0305582,77.5686697,"Idea","good"
"14363",12.9730687,77.7204945,"Idea","good"
"7215",13.0473455,77.5918377,"Idea","good"
"9789",12.9384013,77.6099296,"Idea","good"
"8886",12.9548892,77.6052912,"Idea","good"
"13532",12.88048942,77.65478964,"Idea","good"
"10706",12.9585587,77.6047798,"Idea","good"
"8731",12.9976463,77.5843536,"Idea","good"
"5473",12.9665812,77.6499027,"Idea","good"
"5316",12.9684813,77.6504013,"Idea","good"
"4809",12.9344512,77.6305335,"Idea","good"
"904",12.9730399,77.6991239,"Idea","good"
"17314",12.9712136,77.7257708,"Idea","good"
"13885",12.914139,77.651664,"Idea","good"
"3213",12.9237524,77.5802008,"Idea","good"
"16177",12.88779641,77.65725209,"Idea","good"
"17592",12.9888391,77.7288301,"Idea","satisfactory"
"11357",12.9337689,77.6111406,"Idea","good"
"297",12.95996,77.6428177,"Idea","good"
"14044",12.9028825,77.6611912,"Idea","good"
"14810",12.9846471,77.7336981,"Idea","good"
"98",13.1268272,77.7728728,"Idea","poor"
"9852",13.0097506,77.5838175,"Idea","good"
"1422",12.9904109,77.7235078,"Idea","good"
"3285",12.9029903,77.5858645,"Idea","good"
"7993",13.0440745,77.5910825,"Idea","good"
"11955",12.8885564,77.6242858,"Idea","good"
"8033",13.0341379,77.5885371,"Idea","good"
"11623",13.0499682,77.5987888,"Idea","good"
"6661",12.9656493,77.5362233,"Idea","good"
"9863",13.020153,77.5838977,"Idea","good"
"2386",12.9906364,77.7311639,"Idea","good"
"3558",12.9142876,77.6766906,"Idea","good"
"10138",13.0175811,77.5838803,"Idea","good"
"3296",12.9029884,77.5858387,"Idea","good"
"16132",12.9890892,77.7334075,"Idea","good"
"5740",12.8880692,77.65713522,"Idea","good"
"7670",12.9549367,77.5932445,"Idea","good"
"9201",12.9340799,77.5897746,"Idea","good"
"13390",12.8879045,77.6571883,"Idea","good"
"1200",12.9968878,77.6917708,"Idea","good"
"532",12.9543322,77.6524406,"Idea","good"
"16792",12.88795561,77.65723557,"Idea","good"
"13017",12.88787855,77.65718204,"Idea","good"
"1339",12.9928586,77.7107103,"Idea","good"
"6299",12.9543038,77.6523411,"Idea","good"
"15925",12.989094,77.7334134,"Idea","good"
"14375",12.9731032,77.7205068,"Idea","good"
"1421",12.9904673,77.7232923,"Idea","good"
"13878",12.9141401,77.651664,"Idea","good"
"13702",12.9448915,77.6982656,"Idea","good"
"2576",12.9947272,77.7179626,"Idea","good"
"8136",13.004296,77.5841791,"Idea","good"
"3382",12.9103219,77.5914036,"Idea","good"
"1466",12.9791614,77.6952369,"Idea","good"
"1863",12.9634179,77.6383035,"Idea","good"
"11397",12.9309203,77.606981,"Idea","good"
"4398",12.9749657,77.7268208,"Idea","good"
"2018",12.9634237,77.6382825,"Idea","good"
"2541",12.9914919,77.7208974,"Idea","good"
"7203",13.0483342,77.5923616,"Idea","satisfactory"
"2338",12.9913735,77.7150347,"Idea","good"
"4522",12.97495844,77.72647407,"Idea","good"
"11859",12.9110778,77.6263049,"Idea","good"
"14676",12.9831048,77.7335727,"Idea","good"
"911",12.9728139,77.7012311,"Idea","good"
"6434",13.0272097,77.5777803,"Idea","good"
"12661",12.87745237,77.65395156,"Idea","good"
"12420",12.8878213,77.6575459,"Idea","good"
"17312",12.9714491,77.7268617,"Idea","good"
"15427",12.8878873,77.6569851,"Idea","good"
"10217",13.10085,77.5942453,"Idea","good"
"12451",12.887891,77.6571585,"Idea","good"
"5098",12.9302621,77.6331428,"Idea","good"
"1268",12.9895908,77.7313648,"Idea","good"
"126051",12.8878213,77.6575459,"Idea","good"
"3709",12.9245464,77.6742073,"Idea","good"
"1014",12.9594571,77.7011946,"Idea","good"
"6260",12.9543305,77.6523388,"Idea","good"
"7443",12.930844,77.6288823,"Idea","good"
"2973",12.9377799,77.575442,"Idea","good"
"11902",12.9244307,77.6181293,"Idea","good"
"6548",13.0321425,77.5672947,"Idea","good"
"2116",12.9771712,77.7189887,"Idea","good"
"7250",13.0459119,77.5913282,"Idea","good"
"11949",12.8889905,77.6238174,"Idea","good"
"8324",12.9367544,77.6180962,"Idea","good"
"10973",13.0404433,77.5896745,"Idea","good"
"14470",12.9652035,77.7139645,"Idea","good"
"9860",13.0181074,77.5839346,"Idea","good"
"11521",13.0576372,77.5936076,"Idea","good"
"14836",12.9882371,77.7321142,"Idea","good"
"746",12.94347,77.6077567,"Idea","satisfactory"
"12148",12.9744441,77.5713269,"Idea","good"
"16838",12.88795561,77.65723557,"Idea","good"
"8190",13.0476436,77.5711095,"Idea","good"
"3535",12.9149517,77.6753832,"Idea","satisfactory"
"4492",12.9675145,77.7142645,"Idea","good"
"194",13.0386524,77.5895718,"Idea","good"
"4839",12.9278662,77.6204405,"Idea","good"
"9912",12.9744178,77.5731073,"Idea","good"
"14908",12.9836702,77.7336804,"Idea","good"
"8648",12.9760709,77.5710419,"Idea","good"
"845",12.9367831,77.6975544,"Idea","good"
"12896",12.908651,77.6492121,"Idea","good"
"17382",12.9732008,77.7204998,"Idea","good"
"15100",12.9663631,77.6201502,"Idea","good"
"10511",12.8968125,77.6351088,"Idea","good"
"3659",12.9482593,77.6993724,"Idea","good"
"9407",12.9361459,77.5849042,"Idea","good"
"15144",12.9546812,77.6415032,"Idea","good"
"499",12.9543322,77.6524406,"Idea","good"
"17725",12.940577,77.6959361,"Idea","good"
"831",12.9386443,77.6972392,"Idea","good"
"14497",12.9641821,77.710885,"Idea","good"
"17883",12.9612224,77.7187013,"Idea","good"
"5916",12.9210384,77.6655727,"Idea","good"
"6444",13.0290917,77.575594,"Idea","good"
"9064",12.8877892,77.6574715,"Idea","good"
"5895",12.9241831,77.665445,"Idea","good"
"10641",12.9731225,77.6008856,"Idea","good"
"11091",12.8894822,77.6566549,"Idea","good"
"3956",12.9744897,77.7110082,"Idea","good"
"4240",13.0030864,77.7572047,"Idea","good"
"8892",12.9558886,77.6014216,"Idea","good"
"15676",12.9890887,77.733431,"Idea","good"
"10655",12.968251,77.6002975,"Idea","good"
"14398",12.9730935,77.7203939,"Idea","good"
"14599",12.9891082,77.7334498,"Idea","good"
"6696",12.9720711,77.5375416,"Idea","good"
"753",12.9499983,77.6057667,"Idea","satisfactory"
"12673",12.87752335,77.65391418,"Idea","good"
"13784",12.9188998,77.6516743,"Idea","good"
"11693",12.9582063,77.5943014,"Vodafone","good"
"41575",12.9282266,77.558143,"Vodafone","poor"
"9594",12.9463187,77.6467442,"Vodafone","good"
"9138",12.9698617,77.6099275,"Vodafone","good"
"1909",12.9389669,77.5327421,"Vodafone","good"
"24237",12.9472317,77.6462185,"Vodafone","satisfactory"
"11583",12.96213735,77.59915915,"Vodafone","good"
"28187",12.9463314,77.6467778,"Vodafone","good"
"22078",12.9463776,77.6468225,"Vodafone","satisfactory"
"12350",12.9297838,77.5575356,"Vodafone","poor"
"13429",12.96759317,77.60611206,"Vodafone","good"
"41776",12.9348471,77.5867357,"Vodafone","satisfactory"
"20609",12.9741493,77.5999419,"Vodafone","good"
"34963",12.9269283,77.5608448,"Vodafone","poor"
"24655",12.93093522,77.60277904,"Vodafone","good"
"39494",12.9463778,77.6470574,"Vodafone","satisfactory"
"26325",12.979383,77.6404237,"Vodafone","good"
"1869",12.9585544,77.6022359,"Vodafone","good"
"27987",12.9460684,77.6465876,"Vodafone","good"
"22169",12.9464113,77.6468337,"Vodafone","good"
"42267",12.9677304,77.5965957,"Vodafone","good"
"4068",12.9463187,77.6467442,"Vodafone","good"
"23003",12.9810003,77.5603834,"Vodafone","good"
"29727",12.9297014,77.5577214,"Vodafone","poor"
"36553",12.9299818,77.5575871,"Vodafone","good"
"9161",12.9463303,77.6467554,"Vodafone","poor"
"15901",12.9392394,77.5934988,"Vodafone","good"
"23429",12.9298209,77.5574527,"Vodafone","poor"
"26069",12.9243682,77.5647294,"Vodafone","satisfactory"
"835",12.97445807,77.60202105,"Vodafone","good"
"15816",12.90928809,77.62946201,"Vodafone","good"
"36190",12.9297558,77.5574751,"Vodafone","satisfactory"
"22524",12.9282103,77.5583707,"Vodafone","poor"
"36692",12.9279068,77.5584827,"Vodafone","good"
"30038",12.9463776,77.6468225,"Vodafone","good"
"16516",12.9296853,77.5573855,"Vodafone","satisfactory"
"38944",12.9676547,77.5966293,"Vodafone","satisfactory"
"9221",12.9666848,77.5978044,"Vodafone","good"
"6147",12.9472085,77.6461961,"Vodafone","poor"
"2008",12.9803804,77.6974965,"Vodafone","good"
"34908",12.9676547,77.5966293,"Vodafone","poor"
"10724",12.848388,77.6834425,"Vodafone","good"
"34678",12.9707635,77.5974328,"Vodafone","satisfactory"
"11726",12.9753786,77.6144205,"Vodafone","good"
"14048",12.9261575,77.567528,"Vodafone","satisfactory"
"3571",12.9742996,77.6020072,"Vodafone","good"
"1310",12.9670789,77.5968195,"Vodafone","satisfactory"
"33642",12.9464008,77.6468449,"Vodafone","good"
"17393",12.9298305,77.557388,"Vodafone","poor"
"34929",12.927465,77.5589805,"Vodafone","poor"
"14685",12.98920103,77.58109931,"Vodafone","good"
"28148",12.9463776,77.6468225,"Vodafone","good"
"32868",12.9298911,77.5573072,"Vodafone","good"
"13847",12.8904376,77.6241212,"Vodafone","satisfactory"
"19399",12.9299732,77.5574079,"Vodafone","good"
"20144",12.9470647,77.6464198,"Vodafone","good"
"25579",12.9255492,77.6335547,"Vodafone","good"
"22328",12.9463314,77.6467778,"Vodafone","good"
"10866",12.9735304,77.6001545,"Vodafone","good"
"29583",12.9281543,77.5581244,"Vodafone","good"
"30464",12.83938978,77.64771992,"Vodafone","good"
"40807",12.9297855,77.5575279,"Vodafone","good"
"7995",12.97524559,77.59950167,"Vodafone","good"
"17040",12.9636272,77.60447832,"Vodafone","poor"
"18092",12.9580264,77.6029012,"Vodafone","good"
"4729",12.9296853,77.5573855,"Vodafone","poor"
"30167",12.946674,77.646789,"Vodafone","good"
"34168",12.9464113,77.6468337,"Vodafone","good"
"33547",12.9463419,77.6467666,"Vodafone","good"
"28349",12.9463136,77.6468673,"Vodafone","good"
"11247",12.9751895,77.599539,"Vodafone","good"
"43321",12.9295405,77.5575871,"Vodafone","poor"
"1985",12.9296979,77.5574191,"Vodafone","poor"
"38490",12.9676558,77.5966516,"Vodafone","good"
"7635",12.912585,77.6014862,"Vodafone","good"
"42366",12.9297855,77.5575279,"Vodafone","satisfactory"
"26944",12.9463787,77.6468449,"Vodafone","poor"
"3929",12.9796944,77.5707071,"Vodafone","satisfactory"
"38289",12.9676337,77.5966516,"Vodafone","poor"
"14091",12.8485584,77.6833065,"Vodafone","good"
"5222",12.9296979,77.5574191,"Vodafone","poor"
"25061",12.9463346,77.6468449,"Vodafone","poor"
"3409",12.9580034,77.602941,"Vodafone","good"
"15781",12.9296853,77.5573855,"Vodafone","satisfactory"
"16960",12.9620432,77.5939992,"Vodafone","good"
"36026",12.9282316,77.5581465,"Vodafone","good"
"43138",12.9379631,77.5684683,"Vodafone","poor"
"23692",12.9445398,77.6033233,"Vodafone","satisfactory"
"18650",12.9289133,77.5585386,"Vodafone","good"
"35352",12.9707609,77.5976477,"Vodafone","poor"
"31146",12.83938978,77.64771992,"Vodafone","good"
"26792",12.926654,77.5581244,"Vodafone","poor"
"18285",12.9272631,77.5859522,"Vodafone","good"
"7962",12.9477502,77.6466771,"Vodafone","poor"
"14034",12.9262593,77.5672749,"Vodafone","satisfactory"
"16599",12.9460643,77.646733,"Vodafone","good"
"1036",12.9791498,77.6036237,"Vodafone","good"
"4873",12.9741713,77.5999419,"Vodafone","good"
"11813",12.9296853,77.5573855,"Vodafone","satisfactory"
"33663",12.9463314,77.6467778,"Vodafone","good"
"21185",12.9297673,77.5574863,"Vodafone","good"
"8542",12.9463187,77.6467442,"Vodafone","good"
"22618",12.9296454,77.5574751,"Vodafone","good"
"27375",12.929695,77.5575871,"Vodafone","poor"
"34324",12.9464008,77.6468449,"Vodafone","good"
"26396",12.9654482,77.5991697,"Vodafone","good"
"24403",12.9378095,77.5682556,"Vodafone","satisfactory"
"13356",12.8065749,77.6936836,"Vodafone","good"
"7529",12.9250794,77.5556615,"Vodafone","poor"
"6040",12.9703842,77.6125423,"Vodafone","good"
"35490",12.9272172,77.5599716,"Vodafone","good"
"1439",12.9297108,77.5576878,"Vodafone","satisfactory"
"19714",13.046655,77.7501767,"Vodafone","good"
"9495",12.9579625,77.6030082,"Vodafone","good"
"19966",12.9298212,77.5573516,"Vodafone","satisfactory"
"35258",12.9676547,77.5966293,"Vodafone","good"
"35996",12.9298284,77.5576094,"Vodafone","satisfactory"
"1341",12.907619,77.6362957,"Vodafone","good"
"7677",12.9125503,77.6014526,"Vodafone","satisfactory"
"13571",12.8490896,77.6820455,"Vodafone","good"
"37447",12.9466363,77.6469232,"Vodafone","poor"
"36101",12.9301077,77.5574527,"Vodafone","satisfactory"
"33637",12.9463787,77.6468449,"Vodafone","good"
"24320",12.9463314,77.6467778,"Vodafone","good"
"27112",12.9299034,77.5571056,"Vodafone","satisfactory"
"36413",12.9299438,77.5574863,"Vodafone","good"
"12776",12.9462956,77.6467219,"Vodafone","satisfactory"
"32835",12.9298301,77.5573936,"Vodafone","poor"
"38322",12.9673759,77.5963383,"Vodafone","good"
"22130",12.9281468,77.5579677,"Vodafone","poor"
"10281",12.9612869,77.594335,"Vodafone","good"
"10914",12.96868376,77.60044658,"Vodafone","good"
"9159",12.9463419,77.6467666,"Vodafone","poor"
"20482",12.9411575,77.6019571,"Vodafone","good"
"42967",12.9282227,77.5581486,"Vodafone","good"
"3831",12.9463187,77.6467442,"Vodafone","good"
"25401",12.9306275,77.6022696,"Vodafone","good"
"395",12.9201522,77.684436,"Vodafone","poor"
"30536",12.9463314,77.6467778,"Vodafone","poor"
"5787",12.9311451,77.6287439,"Vodafone","poor"
"9010",12.96685548,77.61014625,"Vodafone","good"
"18861",12.9463314,77.6467778,"Vodafone","poor"
"41296",12.9472548,77.6462408,"Vodafone","good"
"32578",12.9297633,77.5576318,"Vodafone","good"
"35832",12.9280596,77.5579901,"Vodafone","good"
"26675",12.9580034,77.602941,"Vodafone","good"
"25992",12.9272631,77.5859522,"Vodafone","good"
"40448",12.9464492,77.6469344,"Vodafone","good"
"14629",12.8410295,77.6545073,"Vodafone","satisfactory"
"41382",12.9282954,77.5601395,"Vodafone","good"
